{"moddedpack":{"$func":["main"],"application":{"$func":["iron"]},"blocks":{"$func":["factory","nblock"]},"furnace":{"$func":["furnace"]},"furnaces":{"$func":["advancedfurnace"]},"machines":{"$func":["atom_crafting","blastfurnace","blockbreaker","converter","crushercontroller","metalpress","ncollector","portablefarm","quarry","laser"],"crafting":{"$func":["gears","manabottle","manafluxbattery","neutronium","explosionmana","jar","spawner"]},"machinescrafting":{"$func":["blastfurnace","blockbreaker","convbelt","converter","metalpress","orecrusher","portablefarm","quarry","redstoneclock"]},"neutronium":{"$func":["ngeneration"]}},"modifier":{"$func":["luck","moss","obsidian","redstone","silky"]},"redstone":{"$func":["redclock"]},"spawner":{"$func":["break","jar","spawners"]},"spells":{"$func":["fang","firebolt","mana","manaregen","overflow","teleportation","wandcrafting"]},"waystone":{"$func":["crafting","killing","waystone"]},"transport":{"$func":["convbelt"]}}}