{
    "display": {
        "title": {
            "text": "Mana In A Bottle",
            "color": "blue",
            "bold": true
        },
        "description": {
            "text": "Craft a Mana in a Bottle using an Atomic Crafting Table",
            "color": "gray",
            "bold": true
        },
        "icon": {
            "item": "minecraft:player_head",
            "nbt": "{SkullOwner: {Id: \"23945e63-cf8b-492b-9457-1df4d42259ca\", Properties: {textures: [{Value: \"eyJ0ZXh0dXJlcyI6eyJTS0lOIjp7InVybCI6Imh0dHA6Ly90ZXh0dXJlcy5taW5lY3JhZnQubmV0L3RleHR1cmUvNWI1ZGI4NDhkZWQ5YzM0ZmZiYzg1MzIzNmE0MTA5Y2UxNjY1ZGE1ZGZlMjk5OTFhM2NkNmVkYTU0ZDNlYzc3In19fQ==\"}]}}, display: {Lore: ['{\"text\":\"Holding\",\"color\":\"white\",\"bold\":true}', '{\"text\":\"100 MF / 100 MF\",\"color\":\"white\",\"bold\":true}'], Name: '{\"text\":\"Mana in a Bottle\",\"color\":\"blue\"}'}}"
        },
        "frame": "task",
        "show_toast": true,
        "announce_to_chat": true,
        "hidden": false
    },
    "criteria": {
        "get_player_head": {
            "trigger": "minecraft:inventory_changed",
            "conditions": {
                "items": [
                    {
                        "item": "minecraft:player_head",
                        "nbt": "{display: {Lore: ['{\"text\":\"Holding\",\"color\":\"white\",\"bold\":true}', '{\"text\":\"100 MF / 100 MF\",\"color\":\"white\",\"bold\":true}'], Name: '{\"text\":\"Mana in a Bottle\",\"color\":\"blue\"}'}}",
                        "count": {
                            "min": 1,
                            "max": 1
                        }
                    }
                ]
            }
        }
    },
    "parent": "davinci:root"
}
