{
    "display": {
        "title": {
            "text": "Dwarves Technology",
            "color": "dark_purple",
            "bold": true
        },
        "description": {
            "text": "Let's Start",
            "color": "gray",
            "bold": true
        },
        "icon": {
            "item": "minecraft:firework_rocket",
            "nbt": "{CustomModelData:10181818}"
        },
        "frame": "task",
        "show_toast": true,
        "announce_to_chat": true,
        "hidden": false,
        "background": "minecraft:textures/gui/advancements/backgrounds/stone.png"
    },
    "criteria": {
        "main": {
            "trigger": "minecraft:impossible"
        }
    }
}
